"url","path","pageType","title","metaDescription","canonical","h1","ogTitle","ogDescription","source","statusCode"
"https://nordpush.de/","/","homepage","NordPush – Deine SEO Agentur für mehr Sichtbarkeit im Web","Strategische SEO für mehr Sichtbarkeit, bessere Rankings & nachhaltige Ergebnisse. NordPush ist deine Agentur für effektives Online-Marketing","https://nordpush.de/","Mehr Sichtbarkeit. Mehr Kunden. SEO, das Ergebnisse liefert.","Unsichtbar bei Google? 🚨 Mit NordPush wirst du gefunden!","Mehr Kunden, mehr Umsatz – mit SEO, die wirklich wirkt. Wir zeigen dir, wie deine Website endlich sichtbar wird.","internal_crawl","200"
"https://nordpush.de/b2b-seo-agentur/","/b2b-seo-agentur/","service","B2B SEO Agentur NordPush | Sichtbarkeit für dein Unternehmen","Steigere dein B2B SEO-Ranking und generiere planbar neue Anfragen – mit NordPush, deiner spezialisierten SEO-Agentur","https://nordpush.de/b2b-seo-agentur/","Mehr B2B-Anfragen durch strategisches SEO – planbar, messbar, skalierbar","NordPush – Deine B2B SEO Agentur für nachhaltige Sichtbarkeit","Wir entwickeln und betreuen individuelle B2B SEO-Strategien, die Fachzielgruppen erreichen, Leads generieren und messbare Ergebnisse liefern.","internal_crawl","200"
"https://nordpush.de/backlinks/","/backlinks/","service","Mehr Sichtbarkeit durch hochwertige Backlinks | NordPush","Professioneller Backlink-Aufbau für nachhaltige Top-Rankings. NordPush verhilft zu mehr Autorität, Traffic & Kunden durch wertige Backlinks.","https://nordpush.de/backlinks/","Erreiche Top-Rankings mit hochwertigen Backlinks – Der schnellste Weg nach oben in Google","Backlink-Aufbau mit NordPush – Starke Links für bessere Rankings","Wir entwickeln nachhaltige Backlink-Strategien, um die Autorität deiner Website zu steigern und dein Google-Ranking langfristig zu verbessern.","internal_crawl","200"
"https://nordpush.de/category/wissen/","/category/wissen/","blog_category","Wissen & Insights – SEO Tipps von NordPush","Entdecke praxisnahe SEO-Strategien, aktuelle Trends und wertvolles Know-how für deinen nachhaltigen Online-Erfolg mit NordPush.","https://nordpush.de/category/wissen/","Wissen","Wissen bei NordPush – SEO Know-how & Insights","Entdecke wertvolle Tipps, aktuelle Trends und praxisnahe SEO-Strategien – geballtes Wissen für deinen nachhaltigen Online-Erfolg.","internal_crawl","200"
"https://nordpush.de/content-marketing/","/content-marketing/","service","Content Marketing Agentur | NordPush - Mehr Traffic & Umsatz","NordPush: Content Marketing für Unternehmen. Steigern Sie Reichweite und Conversions mit SEO-Inhalten. Wachstum garantiert – Jetzt ansprechen!","https://nordpush.de/content-marketing/","Mehr Kunden & Umsatz durch professionelles Content Marketing","Content Marketing mit NordPush – Inhalte, die Kunden gewinnen","Mit kreativem Content Marketing bringen wir deine Marke ins Rampenlicht – für mehr Traffic, Leads und Umsatz.","internal_crawl","200"
"https://nordpush.de/content-templates/","/content-templates/","service","SEO Content Templates – Einfach besser schreiben | NordPush","Mit den SEO-Content Templates von NordPush erstellst du strukturierte, suchmaschinenoptimierte Texte – effizient, skalierbar & professionell.","https://nordpush.de/content-templates/","Mehr Sichtbarkeit mit weniger Aufwand","Content Templates für SEO-Texte | NordPush","Mit NordPush SEO-Content Templates schreibst du bessere Texte in kürzerer Zeit. Strukturierte Vorlagen für Blog, Produktseite & Local SEO!","internal_crawl","200"
"https://nordpush.de/datenschutz/","/datenschutz/","info_legal_or_conversion","Datenschutz bei NordPush – Sicher & transparent","Wir nehmen Datenschutz ernst und erklären transparent, wie wir mit deinen Daten umgehen – für Vertrauen und Sicherheit.","https://nordpush.de/datenschutz/","Datenschutz­erklärung","Datenschutz bei NordPush – Sicher & transparent","Wir nehmen Datenschutz ernst und erklären transparent, wie wir mit deinen Daten umgehen – für Vertrauen und Sicherheit.","internal_crawl","200"
"https://nordpush.de/e-commerce-seo/","/e-commerce-seo/","service","E-Commerce SEO, die deinen Shop-Umsatz steigert | NordPush","Steigere deinen Online-Shop-Umsatz mit E-Commerce SEO von NordPush. Mehr organische Sichtbarkeit, qualifizierte Besucher & bessere Rankings.","https://nordpush.de/e-commerce-seo/","Steigere deinen E-Commerce Umsatz mit SEO, das messbare Ergebnisse liefert","Keine Besucher im Online-Shop? Dann fehlt dir E-Commerce SEO! 🛒","Wir optimieren Online-Shops für bessere Google-Rankings, mehr organischen Traffic und höhere Conversion-Raten. Technisch, strategisch und skalierbar.","internal_crawl","200"
"https://nordpush.de/etsy-seo/","/etsy-seo/","service","Etsy SEO Guide – So rankst du ganz oben | Nordpush","Lerne, wie Etsy SEO wirklich funktioniert. Mit Tipps zu Keywords, Listings & Sichtbarkeit. Mehr Umsatz mit deinem Shop – praxisnah & aktuell","https://nordpush.de/etsy-seo/","Etsy SEO","Etsy SEO: Der große Praxis-Guide für mehr Sichtbarkeit","Entdecke, wie du deinen Etsy-Shop für mehr Reichweite, bessere Rankings und mehr Verkäufe optimierst. Schritt-für-Schritt Anleitung von den SEO-Profis bei Nordpush.","internal_crawl","200"
"https://nordpush.de/geo-optimierung/","/geo-optimierung/","service","GEO: Werde Top-Quelle für ChatGPT & KI | NordPush","Mache deine Inhalte zur Lieblingsquelle für ChatGPT & Co | sichere deine digitale Zukunft mit NordPush Generative Engine Optimization (GEO)","https://nordpush.de/geo-optimierung/","Zukunftssicher im KI-Zeitalter: Werde Top-Quelle für ChatGPT & Co.","Generative Engine Optimierung (GEO) mit NordPush – Zukunftssichere SEO-Strategien","Wir optimieren deine Inhalte gezielt für KI-basierte Suchmaschinen, damit deine Marke in der neuen Suchwelt präsent ist und von generativen Systemen gefunden wird.","internal_crawl","200"
"https://nordpush.de/google-unternehmensprofil/","/google-unternehmensprofil/","service","Google Unternehmensprofil verbessern – mit NordPush","Mehr Sichtbarkeit, Vertrauen & Kunden: Wir optimieren dein Google Unternehmensprofil professionell – für lokale Top-Rankings & mehr Anfragen.","https://nordpush.de/google-unternehmensprofil/","Mehr Kunden über Google – mit einem optimierten Unternehmensprofil, das wirklich gefunden wird","Dein Google Unternehmensprofil auf Top-Niveau – mit NordPush","Du willst online besser gefunden werden? Wir holen das Maximum aus deinem Google Business Profil heraus – für mehr Sichtbarkeit, Bewertungen & Neukunden!","internal_crawl","200"
"https://nordpush.de/impressum/","/impressum/","info_legal_or_conversion","NordPush Impressum – Hier findest du alle Infos","Rechtliche Informationen und Kontaktangaben der NordPush SEO Agentur. Transparenz und Vertrauen für unsere Kunden.","https://nordpush.de/impressum/","Impressum","NordPush Impressum – Hier findest du alle Infos","Rechtliche Informationen und Kontaktangaben der NordPush SEO Agentur. Transparenz und Vertrauen für unsere Kunden.","internal_crawl","200"
"https://nordpush.de/internationales-seo/","/internationales-seo/","service","Sichtbarkeit in globalen Märkten | Internationales SEO | NordPush","Steigere Traffic & Umsatz in neuen Märkten mit maßgeschneidertem Internationalen SEO. NordPush: Dein Partner für internationale Expansion","https://nordpush.de/internationales-seo/","Erschließe neue Märkte mit professionellem Internationalen SEO","Weltweit gefunden werden? Mit internationalem SEO kein Problem! 🌍","Erreiche Kunden auf der ganzen Welt – wir machen deine Website fit für internationale Suchergebnisse. Einfach. Effektiv. Global.","internal_crawl","200"
"https://nordpush.de/keyword-recherche/","/keyword-recherche/","service","Keyword Recherche: Mehr Traffic, Leads & Sichtbarkeit | NordPush","Smarte Keyword Recherche für mehr Sichtbarkeit. Verborgene Chancen aufdecken, Traffic steigern. Kostenlose Analyse durch NordPush!","https://nordpush.de/keyword-recherche/","Finde endlich die Keywords, die deine Kund:innen wirklich suchen – für messbar mehr Sichtbarkeit, Klicks und Umsatz.","Keyword Recherche mit NordPush – Die Basis für erfolgreiche SEO","Wir zeigen dir, wonach deine Zielgruppe wirklich sucht – und wie du mit gezielter Keyword Recherche mehr Sichtbarkeit erreichst.","internal_crawl","200"
"https://nordpush.de/kontakt/","/kontakt/","info_legal_or_conversion","Kontaktiere NordPush – Starte jetzt deinen SEO-Erfolg","Fragen zu SEO? Schreibe uns! Wir helfen dir, deine Website sichtbarer zu machen und mehr Kunden zu gewinnen.","https://nordpush.de/kontakt/","Kontakt","Kontaktiere NordPush – deine SEO Agentur","Wir sind für dich da! Kontaktiere NordPush für individuelle SEO-Beratung und maßgeschneiderte Lösungen für dein Business.","internal_crawl","200"
"https://nordpush.de/link-risk-management/","/link-risk-management/","service","Link Risk Management für dein SEO | NordPush Agentur","Schütze dein Ranking vor toxischen Backlinks – mit professionellem Link Risk Management von NordPush. Analyse, Disavow & Sicherheit.","https://nordpush.de/link-risk-management/","Schütze deine Rankings mit professionellem Link Risk Management","Rette dein Google-Ranking: Link Risk Management von NordPush","Toxische Backlinks, Rankingverlust oder Penalty? Mit dem Link Risk Management von NordPush bekommst du ein sauberes Linkprofil und langfristige SEO-Sicherheit.","internal_crawl","200"
"https://nordpush.de/pagespeed-optimierung/","/pagespeed-optimierung/","service","PageSpeed-Optimierung | Mehr Umsatz durch Tempo | NordPush","Steigere Rankings & Conversions mit PageSpeed-Optimierung! ✓ Core Web Vitals optimieren ✓ Bessere UX ✓ Messbare Ergebnisse. Jetzt starten!","https://nordpush.de/pagespeed-optimierung/","Blitzschnelle Ladezeiten – Mehr Kunden, bessere Rankings, höhere Conversions!","PageSpeed-Optimierung mit NordPush – Schnellere Website. Bessere Rankings.","Mit unserer PageSpeed-Optimierung wird deine Website blitzschnell – für bessere Nutzererfahrung, höhere Conversion und mehr Sichtbarkeit.","internal_crawl","200"
"https://nordpush.de/preise/","/preise/","info_legal_or_conversion","SEO Preise & Pakete – Transparent kalkuliert | NordPush","Informiere dich über unsere SEO-Preise. Bei NordPush bekommst du individuelle Leistungen mit fairen Kosten – ehrlich & wirkungsvoll!","https://nordpush.de/preise/","Unsere Preise: Transparenz, die Vertrauen schafft","Transparente SEO-Preise bei NordPush – Klar kalkuliert","Erfahre mehr über unsere fairen und transparenten SEO-Preise. Keine versteckten Kosten – nur individuelle Leistungen, die wirklich wirken.","internal_crawl","200"
"https://nordpush.de/seo-audit/","/seo-audit/","service","Professionelles SEO-Audit: Mehr Sichtbarkeit & Leads | NordPush","Verliere keine Kunden mehr durch schlechte Rankings! Unser SEO-Audit identifiziert alle Optimierungspotenziale deiner Website.","https://nordpush.de/seo-audit/","Steigere deine Sichtbarkeit & deinen Umsatz mit einem professionellen SEO-Audit","SEO Audit von NordPush – Schwachstellen erkennen. Ranking stärken.","Unser SEO Audit deckt technische Fehler, Content-Potenziale und Rankingbremsen auf. Für klare Empfehlungen und gezielte Optimierung.","internal_crawl","200"
"https://nordpush.de/seo-bamberg/","/seo-bamberg/","local_seo","SEO Agentur Bamberg – Lokale Sichtbarkeit mit NordPush","Steigere deine Google-Sichtbarkeit in Bamberg mit deiner SEO Agentur für lokale Unternehmen – effizient, messbar und zielgerichtet.","","SEO Bamberg","SEO Bamberg – Lokale Sichtbarkeit mit NordPush steigern","Mehr Sichtbarkeit für dein Unternehmen in Bamberg: NordPush entwickelt effektive SEO-Strategien, die dich bei Google ganz nach vorne bringen.","internal_crawl","200"
"https://nordpush.de/seo-beratung/","/seo-beratung/","service","SEO-Beratung für KMU & Selbstständige | NordPush","Professionelle SEO Beratung von NordPush bringt dein Business auf die vorderen Ränge in den Suchmaschinen durch individuelle Strategien","https://nordpush.de/seo-beratung/","SEO-Beratung, die dein Business online nach vorne bringt","SEO Beratung mit NordPush – Strategisch. Transparent. Erfolgreich.","Bei Google unsichtbar? Mit unserer SEO Beratung bekommst du eine klare Strategie, die dich nach vorn bringt – garantiert verständlich & individuell.","internal_crawl","200"
"https://nordpush.de/seo-betreuung/","/seo-betreuung/","service","Laufende SEO Betreuung | Nachhaltig bei Google wachsen","Laufende SEO-Betreuung für kleine & mittelständische Unternehmen. Verbessere Rankings, gewinne qualifizierte Besucher & steigere den Umsatz.","https://nordpush.de/seo-betreuung/","SEO Betreuung: Dein Weg zu nachhaltiger Sichtbarkeit bei Google","SEO-Betreuung mit NordPush – Kontinuierlich wachsen bei Google","Wir betreuen dein SEO ganzheitlich – mit Strategie, Content, Technik & Monitoring. Persönlich, transparent und ergebnisorientiert.","internal_crawl","200"
"https://nordpush.de/seo-fuer-lokale-unternehmen/","/seo-fuer-lokale-unternehmen/","service","Lokale SEO für Unternehmen | In deiner Region | NordPush","Mehr lokale Kunden durch professionelle Suchmaschinenoptimierung: NordPush macht dein Unternehmen in deiner Region sichtbar","https://nordpush.de/seo-fuer-lokale-unternehmen/","Werde der lokale Online-Champion in deiner Region – mit maßgeschneiderter SEO für dein Unternehmen","Lokale SEO mit NordPush – Sichtbar für Kunden in deiner Nähe","Wir optimieren deine Website und Google My Business für lokale Suchanfragen – so erreichst du mehr Kunden aus deiner Region.","internal_crawl","200"
"https://nordpush.de/seo-konkurrenzanalyse/","/seo-konkurrenzanalyse/","service","SEO Konkurrenzanalyse | Wettbewerber überholen mit NordPush","Decke die SEO-Geheimnisse der Konkurrenz auf und steigere deine Sichtbarkeit. Professionelle Konkurrenzanalyse mit Aktionsplan von NordPush","https://nordpush.de/seo-konkurrenzanalyse/","Entdecke die verborgenen SEO-Geheimnisse deiner Konkurrenz – und überhole sie endlich!","SEO Konkurrenzanalyse mit NordPush – Wissen, was die Mitbewerber besser machen","Finde heraus, was deine Konkurrenz bei Google besser macht – und wie du sie überholst. Jetzt SEO Konkurrenzanalyse sichern!","internal_crawl","200"
"https://nordpush.de/seo-monitoring/","/seo-monitoring/","service","SEO-Monitoring für KMU | Mehr Sichtbarkeit & Umsatz | NordPush","Mit unserem SEO-Monitoring behältst du den Überblick über deine Rankings und setzt gezielte Maßnahmen für mehr Traffic & Conversions","https://nordpush.de/seo-monitoring/","SEO-Monitoring, das nachhaltig Resultate mit sich bringt","SEO Monitoring mit NordPush – Rankings & Performance im Blick behalten","Mit unserem SEO Monitoring bleibst du immer einen Schritt voraus – erkenne Ranking-Veränderungen sofort und optimiere gezielt.","internal_crawl","200"
"https://nordpush.de/seo-neumuenster/","/seo-neumuenster/","local_seo","SEO Neumünster | Deine SEO Agentur für nachhaltige Sichtbarkeit","Mehr Sichtbarkeit mit deiner SEO Agentur in Neumünster: Individuelle Strategien, Coaching & zuverlässige SEO-Betreuung für mehr Traffic!","https://nordpush.de/seo-neumuenster/","SEO Neumünster","SEO Neumünster – Deine Agentur für bessere Suchmaschinen Rankings","Wir zeigen dir, wie du mit klarer SEO-Strategie und persönlichem Coaching bei Google nach vorn kommst – direkt aus Neumünster, für dein Business.","internal_crawl","200"
"https://nordpush.de/seo-relaunch/","/seo-relaunch/","service","SEO-Relaunch | Website neu gestalten ohne Ranking-Verluste","Plane deinen Website-Relaunch ohne SEO-Verluste! NordPush begleitet dich von der Planung bis zum Go-live und sorgt für bessere Rankings.","https://nordpush.de/seo-relaunch/","SEO-Relaunch: Deine Website neu starten ohne Rankings zu verlieren","Neuer Look, aber keine Besucher? Relaunch ohne SEO ist ein Risiko! ⚠️","Ein Website-Relaunch birgt SEO-Risiken. Wir begleiten dich strategisch, damit Rankings, Sichtbarkeit und Traffic erhalten bleiben – oder steigen.","internal_crawl","200"
"https://nordpush.de/seo-sachsen/","/seo-sachsen/","local_seo","SEO Sachsen: Sichtbarkeit steigern, Kunden gewinnen | NordPush","Erreiche mehr Kunden in Sachsen durch gezielte Suchmaschinenoptimierung. Erfahre, wie lokale SEO dein Business sichtbar macht.","https://nordpush.de/seo-sachsen/","SEO Sachsen","SEO Sachsen – Mit lokaler SEO mehr Sichtbarkeit erzielen","Steigere deine Reichweite in Sachsen mit professioneller Suchmaschinenoptimierung. Entdecke Strategien, Tipps und echte Vorteile für dein Unternehmen.","internal_crawl","200"
"https://nordpush.de/seo-strategie/","/seo-strategie/","service","SEO-Strategien, die wirklich funktionieren | NordPush SEO Agentur","Maßgeschneiderte SEO-Strategien für Selbstständige & Unternehmen. Mehr Sichtbarkeit, qualifizierte Leads & messbarer ROI. Jetzt bei NordPush!","https://nordpush.de/seo-strategie/","Die richtige SEO Strategie ist dein Wegweiser zu mehr Sichtbarkeit","SEO Strategie mit NordPush – Planbar zu besseren Rankings","Mit einer klaren SEO Strategie schaffen wir die Grundlage für nachhaltigen Erfolg bei Suchmaschinen. Individuell, datenbasiert und zielgerichtet.","internal_crawl","200"
"https://nordpush.de/seo-texte-schreiben/","/seo-texte-schreiben/","service","SEO-Texte schreiben lassen | Rankingoptimiert | NordPush","Professionelle SEO-Texte, die bei Google ranken und Kunden überzeugen. Keyword-optimierte Inhalte mit Conversion-Power für deine Website","https://nordpush.de/seo-texte-schreiben/","SEO-Texte schreiben lassen: Mehr Sichtbarkeit durch bessere Inhalte","SEO-Texte schreiben mit NordPush – Inhalte, die gefunden werden","Wir erstellen suchmaschinenoptimierte Texte, die nicht nur Google, sondern auch deine Zielgruppe überzeugen und Traffic steigern.","internal_crawl","200"
"https://nordpush.de/technisches-seo-audit/","/technisches-seo-audit/","service","Technisches SEO Audit | Rankings verbessern mit NordPush","Decke versteckte SEO-Fehler auf und steigere Rankings mit dem Technischen SEO Audit. Erhalte den klaren Plan für mehr Traffic und Conversions.","https://nordpush.de/technisches-seo-audit/","Decke verborgene SEO-Fehler auf, die dich täglich Besucher kosten","Deine Website hat unsichtbare SEO-Probleme! 🔍 Lass uns sie finden","Wir analysieren deine Website auf technische SEO-Schwächen – von Ladezeiten bis Indexierung. Für bessere Rankings und stabile Performance.","internal_crawl","200"
"https://nordpush.de/ueber-uns/","/ueber-uns/","about_or_author","Wer wir sind | NordPush – SEO mit klarem Kurs","Das ist NordPush | Erfahre, wer hinter der Agentur steckt – und warum wir SEO nicht als Dienstleistung, sondern als Partnerschaft sehen","https://nordpush.de/ueber-uns/","Vom Online-Shop zur SEO-Agentur: Unsere Geschichte","Wer steckt hinter NordPush? Wir sind dein SEO-Team! 🚀","Lerne das Team von NordPush kennen: Leidenschaftliche SEO-Spezialisten mit Fokus auf individuelle Strategien und messbare Ergebnisse für dein Business.","internal_crawl","200"
"https://nordpush.de/wordpress-seo/","/wordpress-seo/","service","WordPress SEO | Bessere Ranks & Kunden gewinnen | NordPush","WordPress SEO-Optimierung für bessere Rankings und mehr Kunden. NordPush macht deine Website sichtbar. Jetzt kostenlosen SEO Check sichern!","https://nordpush.de/wordpress-seo/","WordPress SEO, das wirklich funktioniert – für mehr Sichtbarkeit und Kunden","WordPress SEO mit NordPush – Mehr Sichtbarkeit für dein CMS","Mit gezieltem WordPress SEO holen wir das Maximum aus deiner Website raus – für mehr Sichtbarkeit, mehr Traffic und messbar mehr Erfolg.","internal_crawl","200"
